{"cameraMode":{"drawMode":0,"name":"Shaded","section":"Shading Mode"},"sceneLighting":false,"audioPlay":false,"sceneViewState":{"showFog":true,"showMaterialUpdate":true,"showSkybox":false,"showFlares":true,"showImageEffects":true,"showParticleSystems":true,"showVisualEffectGraphs":true},"in2DMode":false,"pivot":{"x":-0.03887927532196045,"y":0.06672489643096924,"z":1.560375452041626},"rotation":{"x":0.33555078506469729,"y":0.5866430401802063,"z":-0.29057401418685915,"w":0.6774033308029175},"size":0.27337998151779177,"orthographic":false}