{"cameraMode":{"drawMode":0,"name":"Shaded","section":"Shading Mode"},"sceneLighting":true,"audioPlay":false,"sceneViewState":{"showFog":true,"showMaterialUpdate":false,"showSkybox":true,"showFlares":true,"showImageEffects":true,"showParticleSystems":true,"showVisualEffectGraphs":true},"in2DMode":false,"pivot":{"x":-1.080221176147461,"y":1.8754758834838868,"z":-9.7670259475708},"rotation":{"x":0.0010606597643345595,"y":0.7071060538291931,"z":-0.001060659997165203,"w":0.7071060538291931},"size":3.0712971687316896,"orthographic":false}